,image
0,https://i.etsystatic.com/7849180/d/il/cf61db/1635944801/il_340x270.1635944801_2tpa.jpg?version=0
1,https://i.etsystatic.com/8148059/c/1235/981/176/975/il/129782/1552447852/il_340x270.1552447852_flo9.jpg
2,https://i.etsystatic.com/11694644/c/2556/2030/214/0/il/40f3ef/1579141949/il_340x270.1579141949_ieu5.jpg
3,https://i.etsystatic.com/11694644/c/2556/2030/214/0/il/40f3ef/1579141949/il_340x270.1579141949_ieu5.jpg
4,https://i.etsystatic.com/8148059/c/1235/981/176/975/il/129782/1552447852/il_340x270.1552447852_flo9.jpg
5,https://i.etsystatic.com/10863160/d/il/9d66ba/1379283692/il_340x270.1379283692_g7ns.jpg?version=0
6,https://i.etsystatic.com/11235136/d/il/8398ae/1172851204/il_340x270.1172851204_d4uo.jpg?version=0
7,https://i.etsystatic.com/13074769/d/il/dc59cb/1577097814/il_340x270.1577097814_b8en.jpg?version=0
8,https://i.etsystatic.com/5137225/d/il/456cb9/639767812/il_340x270.639767812_5agv.jpg?version=0
9,https://i.etsystatic.com/11235136/d/il/9e4c21/1220073851/il_340x270.1220073851_la2g.jpg?version=0
10,https://i.etsystatic.com/13074769/d/il/f5de4a/1262468232/il_340x270.1262468232_6ynr.jpg?version=0
11,https://i.etsystatic.com/13749599/d/il/72632b/1639789281/il_340x270.1639789281_b4ic.jpg?version=0
12,https://i.etsystatic.com/9704754/d/il/427fe5/1346536350/il_340x270.1346536350_gtge.jpg?version=0
13,https://i.etsystatic.com/14253193/d/il/0eb87f/1213987770/il_340x270.1213987770_4vjw.jpg?version=0
14,https://i.etsystatic.com/15240763/c/2255/1791/492/142/il/705579/1560206090/il_340x270.1560206090_fl91.jpg
15,https://i.etsystatic.com/8164749/c/1500/1191/0/277/il/ca96a5/1562446878/il_340x270.1562446878_7zf4.jpg
16,https://i.etsystatic.com/8164749/c/1500/1191/0/277/il/0cceb9/1549858694/il_340x270.1549858694_o7b4.jpg
17,https://i.etsystatic.com/16642375/d/il/8a410e/1571218212/il_340x270.1571218212_i02g.jpg?version=0
18,https://i.etsystatic.com/8164749/c/1500/1191/0/88/il/d80f3b/1240118566/il_340x270.1240118566_63ls.jpg
19,https://i.etsystatic.com/7715004/c/1140/905/0/402/il/8394bb/1778487794/il_340x270.1778487794_kixk.jpg
20,https://i.etsystatic.com/7715004/d/il/c56cd4/1753388448/il_340x270.1753388448_d7bc.jpg?version=0
21,https://i.etsystatic.com/16642375/d/il/5e9a6f/1618740191/il_340x270.1618740191_expn.jpg?version=0
22,https://i.etsystatic.com/13427684/d/il/c18a16/1560655728/il_340x270.1560655728_t80z.jpg?version=0
23,https://i.etsystatic.com/13074769/d/il/8c09c6/1252307729/il_340x270.1252307729_fznm.jpg?version=0
24,https://i.etsystatic.com/13517473/d/il/99090f/1507155402/il_340x270.1507155402_cqoc.jpg?version=0
25,https://i.etsystatic.com/11393939/c/1159/921/224/4/il/42c116/1861148332/il_340x270.1861148332_puka.jpg
26,https://i.etsystatic.com/19765974/d/il/e21b4a/1870419539/il_340x270.1870419539_7xv1.jpg?version=0
27,https://i.etsystatic.com/16642375/d/il/738d0a/1885044105/il_340x270.1885044105_b6g6.jpg?version=0
28,https://i.etsystatic.com/16642375/d/il/9adf08/1618387937/il_340x270.1618387937_58iz.jpg?version=0
29,https://i.etsystatic.com/9469057/d/il/c06707/1544895915/il_340x270.1544895915_rpyc.jpg?version=0
30,https://i.etsystatic.com/18207216/d/il/0ca228/1662632279/il_340x270.1662632279_mm6n.jpg?version=0
31,https://i.etsystatic.com/13332884/d/il/be39ff/1249954977/il_340x270.1249954977_8sdm.jpg?version=0
32,https://i.etsystatic.com/8164749/c/1500/1191/0/154/il/f5cbcc/1280995027/il_340x270.1280995027_5f2t.jpg
33,https://i.etsystatic.com/8164749/c/1500/1191/0/277/il/6d1526/1627361683/il_340x270.1627361683_t4jl.jpg
34,https://i.etsystatic.com/10735688/d/il/52d21b/1592368977/il_340x270.1592368977_2rt4.jpg?version=0
35,https://i.etsystatic.com/11734575/d/il/ec74b8/1887570677/il_340x270.1887570677_3i8q.jpg?version=0
36,https://i.etsystatic.com/13370314/d/il/629bc0/1378658962/il_340x270.1378658962_41k8.jpg?version=0
37,https://i.etsystatic.com/14689147/d/il/63db22/1861217587/il_340x270.1861217587_ju8z.jpg?version=0
38,https://i.etsystatic.com/11261998/d/il/454180/1083456531/il_340x270.1083456531_9s6d.jpg?version=0
39,https://i.etsystatic.com/18277582/c/1194/948/0/10/il/e6b6a9/1747083800/il_340x270.1747083800_9j8z.jpg
40,https://i.etsystatic.com/7849180/d/il/8b54bd/1863337631/il_340x270.1863337631_fots.jpg?version=0
41,https://i.etsystatic.com/16642375/d/il/6368dd/1885042735/il_340x270.1885042735_l2e2.jpg?version=0
42,https://i.etsystatic.com/10176001/d/il/1403b1/1259208366/il_340x270.1259208366_2hdr.jpg?version=0
43,https://i.etsystatic.com/16642375/d/il/3bc7bf/1630165809/il_340x270.1630165809_2fga.jpg?version=0
44,https://i.etsystatic.com/7640652/d/il/736106/1249936946/il_340x270.1249936946_tjxk.jpg?version=0
45,https://i.etsystatic.com/13427684/d/il/d2fe88/1321930665/il_340x270.1321930665_mbg7.jpg?version=0
46,https://i.etsystatic.com/10035490/d/il/c0287f/1588309026/il_340x270.1588309026_7edc.jpg?version=0
47,https://i.etsystatic.com/13074769/d/il/1d7a70/1870749067/il_340x270.1870749067_mgjv.jpg?version=0
48,https://i.etsystatic.com/9837529/d/il/6bab29/1580860598/il_340x270.1580860598_4u8g.jpg?version=0
49,https://i.etsystatic.com/18667947/d/il/489968/1780166633/il_340x270.1780166633_j3ri.jpg?version=0
50,https://i.etsystatic.com/5382485/c/3000/2382/0/138/il/971a3d/1825072934/il_340x270.1825072934_g56l.jpg
51,https://i.etsystatic.com/8164749/c/1500/1191/0/107/il/f8b40d/1247690538/il_340x270.1247690538_a4dv.jpg
52,https://i.etsystatic.com/16642375/c/741/588/177/58/il/7a9c1b/1586269901/il_340x270.1586269901_brg2.jpg
53,https://i.etsystatic.com/13427684/d/il/bb5f52/1560666716/il_340x270.1560666716_p3l9.jpg?version=0
54,https://i.etsystatic.com/13427684/d/il/107520/1608107461/il_340x270.1608107461_jh5t.jpg?version=0
55,https://i.etsystatic.com/16642375/d/il/9ff0d2/1617449849/il_340x270.1617449849_cpjf.jpg?version=0
56,https://i.etsystatic.com/14446859/d/il/6e787e/1633988823/il_340x270.1633988823_rwpm.jpg?version=0
57,https://i.etsystatic.com/8164749/c/1600/1270/255/806/il/86d192/1586982814/il_340x270.1586982814_o7zn.jpg
58,https://i.etsystatic.com/11393939/d/il/252bd4/1797394241/il_340x270.1797394241_12rs.jpg?version=0
59,https://i.etsystatic.com/13332884/d/il/560bc6/1017781940/il_340x270.1017781940_4y2a.jpg?version=0
60,https://i.etsystatic.com/17733937/d/il/280365/1555698196/il_340x270.1555698196_chnj.jpg?version=0
61,https://i.etsystatic.com/15240763/c/2338/1857/402/88/il/fbf613/1615846715/il_340x270.1615846715_izcy.jpg
62,https://i.etsystatic.com/13150734/d/il/5cdfde/1309829581/il_340x270.1309829581_n0b7.jpg?version=0
63,https://i.etsystatic.com/8164749/c/1500/1191/0/277/il/0cceb9/1549858694/il_340x270.1549858694_o7b4.jpg
