,link
0,https://www.etsy.com/listing/622252232/editable-back-to-school-photo-prop-back?ga_order=most_relevant&ga_search_type=all&ga_view_type=gallery&ga_search_query=back+to+school+sign+printable&ref=sc_gallery-1-1&plkey=850a526452c4bcd557eff007b41008fb639cc59b%3A622252232&pro=1
1,https://www.etsy.com/listing/612908864/first-day-of-school-sign-digital-or?ga_order=most_relevant&ga_search_type=all&ga_view_type=gallery&ga_search_query=back+to+school+sign+printable&ref=sc_gallery-1-2&plkey=194f90a1bb660da7e49a1d9519eb85e910648aec%3A612908864&pro=1&frs=1
2,https://www.etsy.com/listing/453151534/first-day-of-school-sign-last-day-of?ga_order=most_relevant&ga_search_type=all&ga_view_type=gallery&ga_search_query=back+to+school+sign+printable&ref=sc_gallery-1-3&plkey=ab6c90706a7bb37ca2c7b4fdb4acddbb4719e8d2%3A453151534&bes=1
3,https://www.etsy.com/listing/453151534/first-day-of-school-sign-last-day-of?ga_order=most_relevant&ga_search_type=all&ga_view_type=gallery&ga_search_query=back+to+school+sign+printable&ref=sr_gallery-1-1&organic_search_click=1&bes=1
4,https://www.etsy.com/listing/612908864/first-day-of-school-sign-digital-or?ga_order=most_relevant&ga_search_type=all&ga_view_type=gallery&ga_search_query=back+to+school+sign+printable&ref=sr_gallery-1-2&organic_search_click=1&pro=1&frs=1
5,https://www.etsy.com/listing/565951196/back-to-school-photo-booth-printable?ga_order=most_relevant&ga_search_type=all&ga_view_type=gallery&ga_search_query=back+to+school+sign+printable&ref=sr_gallery-1-3&organic_search_click=1
6,https://www.etsy.com/listing/522279517/watch-out-kindergarten-here-i-come?ga_order=most_relevant&ga_search_type=all&ga_view_type=gallery&ga_search_query=back+to+school+sign+printable&ref=sr_gallery-1-4&organic_search_click=1&pro=1
7,https://www.etsy.com/listing/456282546/back-to-school-sign-preschool-sign?ga_order=most_relevant&ga_search_type=all&ga_view_type=gallery&ga_search_query=back+to+school+sign+printable&ref=sr_gallery-1-5&organic_search_click=1&bes=1
8,https://www.etsy.com/listing/199807073/first-day-of-school-printable-signs?ga_order=most_relevant&ga_search_type=all&ga_view_type=gallery&ga_search_query=back+to+school+sign+printable&ref=sr_gallery-1-6&organic_search_click=1&bes=1
9,https://www.etsy.com/listing/508472196/watch-out-kindergarten-here-i-come?ga_order=most_relevant&ga_search_type=all&ga_view_type=gallery&ga_search_query=back+to+school+sign+printable&ref=sr_gallery-1-7&organic_search_click=1&pro=1
10,https://www.etsy.com/listing/535221602/watch-out-4th-grade-here-i-come-sign?ga_order=most_relevant&ga_search_type=all&ga_view_type=gallery&ga_search_query=back+to+school+sign+printable&ref=sr_gallery-1-8&organic_search_click=1&bes=1
11,https://www.etsy.com/listing/637132679/printable-back-to-school-sign-we-edit?ga_order=most_relevant&ga_search_type=all&ga_view_type=gallery&ga_search_query=back+to+school+sign+printable&ref=sr_gallery-1-9&organic_search_click=1&frs=1&col=1
12,https://www.etsy.com/listing/569801795/first-last-day-of-school-board-reuseable?ga_order=most_relevant&ga_search_type=all&ga_view_type=gallery&ga_search_query=back+to+school+sign+printable&ref=sc_gallery-1-4&plkey=ceeb41ee746a85a2ea51b2ba4d8fff5f7bc8f3ae%3A569801795&frs=1&col=1
13,https://www.etsy.com/listing/521032236/first-day-of-school-sign-1st-day-of?ga_order=most_relevant&ga_search_type=all&ga_view_type=gallery&ga_search_query=back+to+school+sign+printable&ref=sc_gallery-1-5&plkey=f4fd04ae101628599d407bd05cfdcbc53f9c5540%3A521032236&pro=1&frs=1
14,https://www.etsy.com/listing/554263145/unicorn-girls-first-day-of-school?ga_order=most_relevant&ga_search_type=all&ga_view_type=gallery&ga_search_query=back+to+school+sign+printable&ref=sc_gallery-1-6&plkey=3dd6e81353d3c69ff0fd2e880db362d022ac427b%3A554263145&frs=1
15,https://www.etsy.com/listing/629387695/first-day-of-school-sign-editable-back?ga_order=most_relevant&ga_search_type=all&ga_view_type=gallery&ga_search_query=back+to+school+sign+printable&ref=sr_gallery-1-10&organic_search_click=1
16,https://www.etsy.com/listing/626036927/back-to-school-sign-first-day-of-school?ga_order=most_relevant&ga_search_type=all&ga_view_type=gallery&ga_search_query=back+to+school+sign+printable&ref=sr_gallery-1-11&organic_search_click=1&bes=1
17,https://www.etsy.com/listing/631675459/teacher-clipart-back-to-school-png-file?ga_order=most_relevant&ga_search_type=all&ga_view_type=gallery&ga_search_query=back+to+school+sign+printable&ref=sr_gallery-1-12&organic_search_click=1
18,https://www.etsy.com/listing/542817275/back-to-school-sign-first-day-of-school?ga_order=most_relevant&ga_search_type=all&ga_view_type=gallery&ga_search_query=back+to+school+sign+printable&ref=sr_gallery-1-13&organic_search_click=1&frs=1
19,https://www.etsy.com/listing/471400609/first-day-of-senior-year-sign-printable?ga_order=most_relevant&ga_search_type=all&ga_view_type=gallery&ga_search_query=back+to+school+sign+printable&ref=sr_gallery-1-14&organic_search_click=1&bes=1
20,https://www.etsy.com/listing/472505645/first-day-of-preschool-sign-printable?ga_order=most_relevant&ga_search_type=all&ga_view_type=gallery&ga_search_query=back+to+school+sign+printable&ref=sr_gallery-1-15&organic_search_click=1&bes=1
21,https://www.etsy.com/listing/617858966/teacher-clipart-back-to-school-png-file?ga_order=most_relevant&ga_search_type=all&ga_view_type=gallery&ga_search_query=back+to+school+sign+printable&ref=sr_gallery-1-16&organic_search_click=1
22,https://www.etsy.com/listing/536729754/first-day-of-school-reusable-chalkboard?ga_order=most_relevant&ga_search_type=all&ga_view_type=gallery&ga_search_query=back+to+school+sign+printable&ref=sr_gallery-1-17&organic_search_click=1&bes=1
23,https://www.etsy.com/listing/469769773/watch-out-first-grade-here-i-come-sign?ga_order=most_relevant&ga_search_type=all&ga_view_type=gallery&ga_search_query=back+to+school+sign+printable&ref=sr_gallery-1-18&organic_search_click=1
24,https://www.etsy.com/listing/601369652/last-day-of-pre-k-sign-last-day-of?ga_order=most_relevant&ga_search_type=all&ga_view_type=gallery&ga_search_query=back+to+school+sign+printable&ref=sc_gallery-1-7&plkey=84e85accafaaeeb0b4c7d58fbf736f57e31fd21f%3A601369652
25,https://www.etsy.com/listing/629566569/back-to-school-sign-first-day-of-school?ga_order=most_relevant&ga_search_type=all&ga_view_type=gallery&ga_search_query=back+to+school+sign+printable&ref=sc_gallery-1-8&plkey=d93c418d3f2569ba291d9ed59b545fcd22754639%3A629566569&pro=1
26,https://www.etsy.com/listing/679633052/toddler-learning-printables?ga_order=most_relevant&ga_search_type=all&ga_view_type=gallery&ga_search_query=back+to+school+sign+printable&ref=sc_gallery-1-9&plkey=24307ee0edb0e03d08bf521de124bb2245dc2f1d%3A679633052
27,https://www.etsy.com/listing/682912704/teacher-clipart-blessed-teacher-clipart?ga_order=most_relevant&ga_search_type=all&ga_view_type=gallery&ga_search_query=back+to+school+sign+printable&ref=sr_gallery-1-19&organic_search_click=1
28,https://www.etsy.com/listing/631611239/teacher-clipart-back-to-school-png-file?ga_order=most_relevant&ga_search_type=all&ga_view_type=gallery&ga_search_query=back+to+school+sign+printable&ref=sr_gallery-1-20&organic_search_click=1&bes=1
29,https://www.etsy.com/listing/238758228/printable-when-i-grow-up-i-want-to-be?ga_order=most_relevant&ga_search_type=all&ga_view_type=gallery&ga_search_query=back+to+school+sign+printable&ref=sr_gallery-1-21&organic_search_click=1
30,https://www.etsy.com/listing/628877158/back-to-school-sign-printable?ga_order=most_relevant&ga_search_type=all&ga_view_type=gallery&ga_search_query=back+to+school+sign+printable&ref=sr_gallery-1-22&organic_search_click=1
31,https://www.etsy.com/listing/517812106/first-day-of-kindergarten-sign-back-to?ga_order=most_relevant&ga_search_type=all&ga_view_type=gallery&ga_search_query=back+to+school+sign+printable&ref=sr_gallery-1-23&organic_search_click=1&frs=1
32,https://www.etsy.com/listing/471155985/first-day-of-kindergarten-sign-boys?ga_order=most_relevant&ga_search_type=all&ga_view_type=gallery&ga_search_query=back+to+school+sign+printable&ref=sr_gallery-1-24&organic_search_click=1&frs=1
33,https://www.etsy.com/listing/633924177/first-day-of-school-sign-editable-back?ga_order=most_relevant&ga_search_type=all&ga_view_type=gallery&ga_search_query=back+to+school+sign+printable&ref=sr_gallery-1-25&organic_search_click=1&bes=1
34,https://www.etsy.com/listing/523284890/back-to-school-sign-for-5th-grade?ga_order=most_relevant&ga_search_type=all&ga_view_type=gallery&ga_search_query=back+to+school+sign+printable&ref=sr_gallery-1-26&organic_search_click=1&frs=1&col=1
35,https://www.etsy.com/listing/582815994/printable-class-of-2032-graduation-sign?ga_order=most_relevant&ga_search_type=all&ga_view_type=gallery&ga_search_query=back+to+school+sign+printable&ref=sr_gallery-1-27&organic_search_click=1
36,https://www.etsy.com/listing/579336085/girl-boss-sticker-digital-planner?ga_order=most_relevant&ga_search_type=all&ga_view_type=gallery&ga_search_query=back+to+school+sign+printable&ref=sc_gallery-1-10&plkey=deb2664e9045d6862697094aaa35b38d6da64bbe%3A579336085&bes=1
37,https://www.etsy.com/listing/550519873/last-day-of-school-personalized?ga_order=most_relevant&ga_search_type=all&ga_view_type=gallery&ga_search_query=back+to+school+sign+printable&ref=sc_gallery-1-11&plkey=8cb12ec74b41135460468464dd541ae7e4a5f40c%3A550519873&frs=1
38,https://www.etsy.com/listing/476455059/first-day-of-pre-k-sign-for-girls-2019?ga_order=most_relevant&ga_search_type=all&ga_view_type=gallery&ga_search_query=back+to+school+sign+printable&ref=sc_gallery-1-12&plkey=f528b682eb674d6af92647a850d96fe8c8dfac23%3A476455059&frs=1
39,https://www.etsy.com/listing/625909310/social-worker-sign-back-to-school-office?ga_order=most_relevant&ga_search_type=all&ga_view_type=gallery&ga_search_query=back+to+school+sign+printable&ref=sr_gallery-1-28&organic_search_click=1
40,https://www.etsy.com/listing/627820431/watch-out-kindergarten-here-i-come-back?ga_order=most_relevant&ga_search_type=all&ga_view_type=gallery&ga_search_query=back+to+school+sign+printable&ref=sr_gallery-1-29&organic_search_click=1&pro=1
41,https://www.etsy.com/listing/696769787/teacher-clipart-teach-your-heart-out?ga_order=most_relevant&ga_search_type=all&ga_view_type=gallery&ga_search_query=back+to+school+sign+printable&ref=sr_gallery-1-30&organic_search_click=1
42,https://www.etsy.com/listing/548173623/printable-personalized-first-and-or-last?ga_order=most_relevant&ga_search_type=all&ga_view_type=gallery&ga_search_query=back+to+school+sign+printable&ref=sr_gallery-1-31&organic_search_click=1&frs=1
43,https://www.etsy.com/listing/634657917/paraprofessional-clipart-back-to-school?ga_order=most_relevant&ga_search_type=all&ga_view_type=gallery&ga_search_query=back+to+school+sign+printable&ref=sr_gallery-1-32&organic_search_click=1
44,https://www.etsy.com/listing/545769019/school-digital-papers-handwriting?ga_order=most_relevant&ga_search_type=all&ga_view_type=gallery&ga_search_query=back+to+school+sign+printable&ref=sr_gallery-1-33&organic_search_click=1
45,https://www.etsy.com/listing/552220019/first-day-of-school-reusable-chalkboard?ga_order=most_relevant&ga_search_type=all&ga_view_type=gallery&ga_search_query=back+to+school+sign+printable&ref=sr_gallery-1-34&organic_search_click=1&bes=1
46,https://www.etsy.com/listing/635239795/the-future-is-female-back-to-school-sign?ga_order=most_relevant&ga_search_type=all&ga_view_type=gallery&ga_search_query=back+to+school+sign+printable&ref=sr_gallery-1-35&organic_search_click=1&frs=1
47,https://www.etsy.com/listing/469794259/back-to-school-sign-last-day-of-pre-k?ga_order=most_relevant&ga_search_type=all&ga_view_type=gallery&ga_search_query=back+to+school+sign+printable&ref=sr_gallery-1-36&organic_search_click=1
48,https://www.etsy.com/listing/634151345/first-day-of-school-sign-instant?ga_order=most_relevant&ga_search_type=all&ga_view_type=gallery&ga_search_query=back+to+school+sign+printable&ref=sc_gallery-1-13&plkey=54cebdb55fd4e78cb908ac59eb1b3db4e9d9a2d4%3A634151345&bes=1
49,https://www.etsy.com/listing/671778021/unicorn-first-day-of-kinder-sign-instant?ga_order=most_relevant&ga_search_type=all&ga_view_type=gallery&ga_search_query=back+to+school+sign+printable&ref=sc_gallery-1-14&plkey=33702084d3fff29858a15f8bc28d12d379dd709a%3A671778021&pro=1
50,https://www.etsy.com/listing/541785323/graduation-decorations-graduation-banner?ga_order=most_relevant&ga_search_type=all&ga_view_type=gallery&ga_search_query=back+to+school+sign+printable&ref=sc_gallery-1-15&plkey=14480628b285d4da56f4ae7339b4737c51113bbf%3A541785323&pro=1&frs=1
51,https://www.etsy.com/listing/459965860/first-day-of-preschool-sign-first-day-of?ga_order=most_relevant&ga_search_type=all&ga_view_type=gallery&ga_search_query=back+to+school+sign+printable&ref=sr_gallery-1-37&organic_search_click=1&frs=1
52,https://www.etsy.com/listing/623234031/teacher-clipart-back-to-school-png-file?ga_order=most_relevant&ga_search_type=all&ga_view_type=gallery&ga_search_query=back+to+school+sign+printable&ref=sr_gallery-1-38&organic_search_click=1&bes=1
53,https://www.etsy.com/listing/628891191/first-day-of-school-reusable-chalkboard?ga_order=most_relevant&ga_search_type=all&ga_view_type=gallery&ga_search_query=back+to+school+sign+printable&ref=sr_gallery-1-39&organic_search_click=1&bes=1
54,https://www.etsy.com/listing/615051538/first-day-of-school-reusable-chalkboard?ga_order=most_relevant&ga_search_type=all&ga_view_type=gallery&ga_search_query=back+to+school+sign+printable&ref=sr_gallery-1-40&organic_search_click=1&bes=1
55,https://www.etsy.com/listing/623233007/leopard-pencil-clipart-back-to-school?ga_order=most_relevant&ga_search_type=all&ga_view_type=gallery&ga_search_query=back+to+school+sign+printable&ref=sr_gallery-1-41&organic_search_click=1&bes=1
56,https://www.etsy.com/listing/635624609/back-to-school-sign-printable?ga_order=most_relevant&ga_search_type=all&ga_view_type=gallery&ga_search_query=back+to+school+sign+printable&ref=sr_gallery-1-42&organic_search_click=1&frs=1
57,https://www.etsy.com/listing/470996371/first-day-of-kindergarten-sign-first-day?ga_order=most_relevant&ga_search_type=all&ga_view_type=gallery&ga_search_query=back+to+school+sign+printable&ref=sr_gallery-1-43&organic_search_click=1&frs=1
58,https://www.etsy.com/listing/537984139/watch-out-kindergarten-sign-first-day-of?ga_order=most_relevant&ga_search_type=all&ga_view_type=gallery&ga_search_query=back+to+school+sign+printable&ref=sr_gallery-1-44&organic_search_click=1&pro=1
59,https://www.etsy.com/listing/455912516/back-to-school-sign-printable-first-day?ga_order=most_relevant&ga_search_type=all&ga_view_type=gallery&ga_search_query=back+to+school+sign+printable&ref=sr_gallery-1-45&organic_search_click=1&frs=1
60,https://www.etsy.com/listing/627615117/first-day-of-school-sign-back-to-school?ga_order=most_relevant&ga_search_type=all&ga_view_type=gallery&ga_search_query=back+to+school+sign+printable&ref=sc_gallery-1-16&plkey=5ae8e513895c20bd2f81ecfbbd9d54b959c65a32%3A627615117
61,https://www.etsy.com/listing/549310385/first-day-of-school-chalkboard-printable?ga_order=most_relevant&ga_search_type=all&ga_view_type=gallery&ga_search_query=back+to+school+sign+printable&ref=sr_gallery-1-46&organic_search_click=1&frs=1
62,https://www.etsy.com/listing/549058227/first-day-of-school-sign-back-to-school?ga_order=most_relevant&ga_search_type=all&ga_view_type=gallery&ga_search_query=back+to+school+sign+printable&ref=sr_gallery-1-47&organic_search_click=1&frs=1&col=1
63,https://www.etsy.com/listing/637557445/reusable-back-to-school-sign-first-day?ga_order=most_relevant&ga_search_type=all&ga_view_type=gallery&ga_search_query=back+to+school+sign+printable&ref=sr_gallery-1-48&organic_search_click=1&bes=1
